<annotation>
	<folder>faceDetection</folder>
	<filename>download copy.jpg</filename>
	<path>/Users/virajj/Downloads/faceDetection/download copy.jpg</path>
	<source>
		<database>Unknown</database>
	</source>
	<size>
		<width>213</width>
		<height>237</height>
		<depth>3</depth>
	</size>
	<segmented>0</segmented>
	<object>
		<name>face</name>
		<pose>Unspecified</pose>
		<truncated>0</truncated>
		<difficult>0</difficult>
		<bndbox>
			<xmin>37</xmin>
			<ymin>35</ymin>
			<xmax>180</xmax>
			<ymax>224</ymax>
		</bndbox>
	</object>
</annotation>
