<annotation>
	<folder>faceDetection</folder>
	<filename>download (8).jpeg</filename>
	<path>/Users/virajj/Downloads/faceDetection/download (8).jpeg</path>
	<source>
		<database>Unknown</database>
	</source>
	<size>
		<width>201</width>
		<height>251</height>
		<depth>3</depth>
	</size>
	<segmented>0</segmented>
	<object>
		<name>face</name>
		<pose>Unspecified</pose>
		<truncated>0</truncated>
		<difficult>0</difficult>
		<bndbox>
			<xmin>66</xmin>
			<ymin>9</ymin>
			<xmax>169</xmax>
			<ymax>173</ymax>
		</bndbox>
	</object>
</annotation>
