<annotation>
	<folder>faceDetection</folder>
	<filename>download-1.jpg</filename>
	<path>/Users/virajj/Downloads/faceDetection/download-1.jpg</path>
	<source>
		<database>Unknown</database>
	</source>
	<size>
		<width>201</width>
		<height>251</height>
		<depth>3</depth>
	</size>
	<segmented>0</segmented>
	<object>
		<name>face</name>
		<pose>Unspecified</pose>
		<truncated>0</truncated>
		<difficult>0</difficult>
		<bndbox>
			<xmin>40</xmin>
			<ymin>46</ymin>
			<xmax>160</xmax>
			<ymax>217</ymax>
		</bndbox>
	</object>
</annotation>
