<annotation>
	<folder>faceDetection</folder>
	<filename>download-2.jpg</filename>
	<path>/Users/virajj/Downloads/faceDetection/download-2.jpg</path>
	<source>
		<database>Unknown</database>
	</source>
	<size>
		<width>225</width>
		<height>225</height>
		<depth>3</depth>
	</size>
	<segmented>0</segmented>
	<object>
		<name>face</name>
		<pose>Unspecified</pose>
		<truncated>0</truncated>
		<difficult>0</difficult>
		<bndbox>
			<xmin>46</xmin>
			<ymin>29</ymin>
			<xmax>186</xmax>
			<ymax>209</ymax>
		</bndbox>
	</object>
</annotation>
