<annotation>
	<folder>faceDetection</folder>
	<filename>emotions-1-1434340.jpg</filename>
	<path>/Users/virajj/Downloads/faceDetection/emotions-1-1434340.jpg</path>
	<source>
		<database>Unknown</database>
	</source>
	<size>
		<width>180</width>
		<height>240</height>
		<depth>1</depth>
	</size>
	<segmented>0</segmented>
	<object>
		<name>face</name>
		<pose>Unspecified</pose>
		<truncated>0</truncated>
		<difficult>0</difficult>
		<bndbox>
			<xmin>30</xmin>
			<ymin>48</ymin>
			<xmax>158</xmax>
			<ymax>213</ymax>
		</bndbox>
	</object>
</annotation>
