<annotation>
	<folder>faceDetection</folder>
	<filename>face-mad-1511390.jpg</filename>
	<path>/Users/virajj/Downloads/faceDetection/face-mad-1511390.jpg</path>
	<source>
		<database>Unknown</database>
	</source>
	<size>
		<width>429</width>
		<height>240</height>
		<depth>3</depth>
	</size>
	<segmented>0</segmented>
	<object>
		<name>face</name>
		<pose>Unspecified</pose>
		<truncated>0</truncated>
		<difficult>0</difficult>
		<bndbox>
			<xmin>91</xmin>
			<ymin>2</ymin>
			<xmax>344</xmax>
			<ymax>237</ymax>
		</bndbox>
	</object>
</annotation>
