<annotation>
	<folder>faceDetection</folder>
	<filename>face-of-an-old-man-1431724.jpg</filename>
	<path>/Users/virajj/Downloads/faceDetection/face-of-an-old-man-1431724.jpg</path>
	<source>
		<database>Unknown</database>
	</source>
	<size>
		<width>180</width>
		<height>240</height>
		<depth>3</depth>
	</size>
	<segmented>0</segmented>
	<object>
		<name>face</name>
		<pose>Unspecified</pose>
		<truncated>0</truncated>
		<difficult>0</difficult>
		<bndbox>
			<xmin>43</xmin>
			<ymin>42</ymin>
			<xmax>124</xmax>
			<ymax>152</ymax>
		</bndbox>
	</object>
</annotation>
