<annotation>
	<folder>faceDetection</folder>
	<filename>face-scared-1511398.jpg</filename>
	<path>/Users/virajj/Downloads/faceDetection/face-scared-1511398.jpg</path>
	<source>
		<database>Unknown</database>
	</source>
	<size>
		<width>429</width>
		<height>240</height>
		<depth>3</depth>
	</size>
	<segmented>0</segmented>
	<object>
		<name>face</name>
		<pose>Unspecified</pose>
		<truncated>1</truncated>
		<difficult>0</difficult>
		<bndbox>
			<xmin>91</xmin>
			<ymin>1</ymin>
			<xmax>326</xmax>
			<ymax>240</ymax>
		</bndbox>
	</object>
</annotation>
