<annotation>
	<folder>faceDetection</folder>
	<filename>face-dumbfounded-1438542.jpg</filename>
	<path>/Users/virajj/Downloads/faceDetection/face-dumbfounded-1438542.jpg</path>
	<source>
		<database>Unknown</database>
	</source>
	<size>
		<width>319</width>
		<height>240</height>
		<depth>3</depth>
	</size>
	<segmented>0</segmented>
	<object>
		<name>face</name>
		<pose>Unspecified</pose>
		<truncated>1</truncated>
		<difficult>0</difficult>
		<bndbox>
			<xmin>89</xmin>
			<ymin>63</ymin>
			<xmax>226</xmax>
			<ymax>240</ymax>
		</bndbox>
	</object>
</annotation>
