<annotation>
	<folder>faceDetection</folder>
	<filename>face-of-a-warrior-1251207.jpg</filename>
	<path>/Users/virajj/Downloads/faceDetection/face-of-a-warrior-1251207.jpg</path>
	<source>
		<database>Unknown</database>
	</source>
	<size>
		<width>319</width>
		<height>240</height>
		<depth>3</depth>
	</size>
	<segmented>0</segmented>
	<object>
		<name>face</name>
		<pose>Unspecified</pose>
		<truncated>0</truncated>
		<difficult>0</difficult>
		<bndbox>
			<xmin>92</xmin>
			<ymin>55</ymin>
			<xmax>179</xmax>
			<ymax>195</ymax>
		</bndbox>
	</object>
</annotation>
