<annotation>
	<folder>faceDetection</folder>
	<filename>female-portrait-1438099.jpg</filename>
	<path>/Users/virajj/Downloads/faceDetection/female-portrait-1438099.jpg</path>
	<source>
		<database>Unknown</database>
	</source>
	<size>
		<width>175</width>
		<height>239</height>
		<depth>3</depth>
	</size>
	<segmented>0</segmented>
	<object>
		<name>face</name>
		<pose>Unspecified</pose>
		<truncated>0</truncated>
		<difficult>0</difficult>
		<bndbox>
			<xmin>56</xmin>
			<ymin>65</ymin>
			<xmax>135</xmax>
			<ymax>169</ymax>
		</bndbox>
	</object>
</annotation>
