<annotation>
	<folder>faceDetection</folder>
	<filename>grandpa-1432491.jpg</filename>
	<path>/Users/virajj/Downloads/faceDetection/grandpa-1432491.jpg</path>
	<source>
		<database>Unknown</database>
	</source>
	<size>
		<width>179</width>
		<height>239</height>
		<depth>3</depth>
	</size>
	<segmented>0</segmented>
	<object>
		<name>face</name>
		<pose>Unspecified</pose>
		<truncated>0</truncated>
		<difficult>0</difficult>
		<bndbox>
			<xmin>34</xmin>
			<ymin>8</ymin>
			<xmax>170</xmax>
			<ymax>202</ymax>
		</bndbox>
	</object>
</annotation>
