<annotation>
	<folder>faceDetection</folder>
	<filename>images (74).jpeg</filename>
	<path>/Users/virajj/Downloads/faceDetection/images (74).jpeg</path>
	<source>
		<database>Unknown</database>
	</source>
	<size>
		<width>237</width>
		<height>213</height>
		<depth>3</depth>
	</size>
	<segmented>0</segmented>
	<object>
		<name>face</name>
		<pose>Unspecified</pose>
		<truncated>0</truncated>
		<difficult>0</difficult>
		<bndbox>
			<xmin>21</xmin>
			<ymin>28</ymin>
			<xmax>43</xmax>
			<ymax>60</ymax>
		</bndbox>
	</object>
	<object>
		<name>face</name>
		<pose>Unspecified</pose>
		<truncated>0</truncated>
		<difficult>0</difficult>
		<bndbox>
			<xmin>106</xmin>
			<ymin>41</ymin>
			<xmax>126</xmax>
			<ymax>73</ymax>
		</bndbox>
	</object>
	<object>
		<name>face</name>
		<pose>Unspecified</pose>
		<truncated>0</truncated>
		<difficult>0</difficult>
		<bndbox>
			<xmin>170</xmin>
			<ymin>39</ymin>
			<xmax>200</xmax>
			<ymax>72</ymax>
		</bndbox>
	</object>
</annotation>
