<annotation>
	<folder>faceDetection</folder>
	<filename>images (51).jpeg</filename>
	<path>/Users/virajj/Downloads/faceDetection/images (51).jpeg</path>
	<source>
		<database>Unknown</database>
	</source>
	<size>
		<width>205</width>
		<height>246</height>
		<depth>3</depth>
	</size>
	<segmented>0</segmented>
	<object>
		<name>face</name>
		<pose>Unspecified</pose>
		<truncated>0</truncated>
		<difficult>0</difficult>
		<bndbox>
			<xmin>45</xmin>
			<ymin>65</ymin>
			<xmax>151</xmax>
			<ymax>180</ymax>
		</bndbox>
	</object>
</annotation>
