<annotation>
	<folder>faceDetection</folder>
	<filename>images (8).jpeg</filename>
	<path>/Users/virajj/Downloads/faceDetection/images (8).jpeg</path>
	<source>
		<database>Unknown</database>
	</source>
	<size>
		<width>194</width>
		<height>259</height>
		<depth>3</depth>
	</size>
	<segmented>0</segmented>
	<object>
		<name>face</name>
		<pose>Unspecified</pose>
		<truncated>0</truncated>
		<difficult>0</difficult>
		<bndbox>
			<xmin>57</xmin>
			<ymin>26</ymin>
			<xmax>142</xmax>
			<ymax>155</ymax>
		</bndbox>
	</object>
</annotation>
