<annotation>
	<folder>faceDetection</folder>
	<filename>images (12).jpeg</filename>
	<path>/Users/virajj/Downloads/faceDetection/images (12).jpeg</path>
	<source>
		<database>Unknown</database>
	</source>
	<size>
		<width>183</width>
		<height>275</height>
		<depth>3</depth>
	</size>
	<segmented>0</segmented>
	<object>
		<name>face</name>
		<pose>Unspecified</pose>
		<truncated>0</truncated>
		<difficult>0</difficult>
		<bndbox>
			<xmin>15</xmin>
			<ymin>40</ymin>
			<xmax>166</xmax>
			<ymax>236</ymax>
		</bndbox>
	</object>
</annotation>
