<annotation>
	<folder>faceDetection</folder>
	<filename>images (18).jpeg</filename>
	<path>/Users/virajj/Downloads/faceDetection/images (18).jpeg</path>
	<source>
		<database>Unknown</database>
	</source>
	<size>
		<width>301</width>
		<height>167</height>
		<depth>3</depth>
	</size>
	<segmented>0</segmented>
	<object>
		<name>face</name>
		<pose>Unspecified</pose>
		<truncated>0</truncated>
		<difficult>0</difficult>
		<bndbox>
			<xmin>161</xmin>
			<ymin>17</ymin>
			<xmax>241</xmax>
			<ymax>148</ymax>
		</bndbox>
	</object>
</annotation>
