<annotation>
	<folder>faceDetection</folder>
	<filename>images-5.jpg</filename>
	<path>/Users/virajj/Downloads/faceDetection/images-5.jpg</path>
	<source>
		<database>Unknown</database>
	</source>
	<size>
		<width>269</width>
		<height>187</height>
		<depth>3</depth>
	</size>
	<segmented>0</segmented>
	<object>
		<name>face</name>
		<pose>Unspecified</pose>
		<truncated>1</truncated>
		<difficult>0</difficult>
		<bndbox>
			<xmin>69</xmin>
			<ymin>1</ymin>
			<xmax>201</xmax>
			<ymax>183</ymax>
		</bndbox>
	</object>
</annotation>
