<annotation>
	<folder>faceDetection</folder>
	<filename>images (25).jpeg</filename>
	<path>/Users/virajj/Downloads/faceDetection/images (25).jpeg</path>
	<source>
		<database>Unknown</database>
	</source>
	<size>
		<width>269</width>
		<height>187</height>
		<depth>3</depth>
	</size>
	<segmented>0</segmented>
	<object>
		<name>face</name>
		<pose>Unspecified</pose>
		<truncated>0</truncated>
		<difficult>0</difficult>
		<bndbox>
			<xmin>97</xmin>
			<ymin>54</ymin>
			<xmax>188</xmax>
			<ymax>173</ymax>
		</bndbox>
	</object>
</annotation>
