<annotation>
	<folder>faceDetection</folder>
	<filename>images (30).jpeg</filename>
	<path>/Users/virajj/Downloads/faceDetection/images (30).jpeg</path>
	<source>
		<database>Unknown</database>
	</source>
	<size>
		<width>299</width>
		<height>168</height>
		<depth>3</depth>
	</size>
	<segmented>0</segmented>
	<object>
		<name>face</name>
		<pose>Unspecified</pose>
		<truncated>0</truncated>
		<difficult>0</difficult>
		<bndbox>
			<xmin>124</xmin>
			<ymin>33</ymin>
			<xmax>194</xmax>
			<ymax>112</ymax>
		</bndbox>
	</object>
</annotation>
