<annotation>
	<folder>faceDetection</folder>
	<filename>images-7.jpg</filename>
	<path>/Users/virajj/Downloads/faceDetection/images-7.jpg</path>
	<source>
		<database>Unknown</database>
	</source>
	<size>
		<width>194</width>
		<height>259</height>
		<depth>3</depth>
	</size>
	<segmented>0</segmented>
	<object>
		<name>face</name>
		<pose>Unspecified</pose>
		<truncated>0</truncated>
		<difficult>0</difficult>
		<bndbox>
			<xmin>40</xmin>
			<ymin>51</ymin>
			<xmax>157</xmax>
			<ymax>207</ymax>
		</bndbox>
	</object>
</annotation>
