<annotation>
	<folder>faceDetection</folder>
	<filename>images (2).jpeg</filename>
	<path>/Users/virajj/Downloads/faceDetection/images (2).jpeg</path>
	<source>
		<database>Unknown</database>
	</source>
	<size>
		<width>234</width>
		<height>215</height>
		<depth>3</depth>
	</size>
	<segmented>0</segmented>
	<object>
		<name>face</name>
		<pose>Unspecified</pose>
		<truncated>1</truncated>
		<difficult>0</difficult>
		<bndbox>
			<xmin>16</xmin>
			<ymin>1</ymin>
			<xmax>213</xmax>
			<ymax>203</ymax>
		</bndbox>
	</object>
</annotation>
