<annotation>
	<folder>faceDetection</folder>
	<filename>images (42).jpeg</filename>
	<path>/Users/virajj/Downloads/faceDetection/images (42).jpeg</path>
	<source>
		<database>Unknown</database>
	</source>
	<size>
		<width>193</width>
		<height>261</height>
		<depth>3</depth>
	</size>
	<segmented>0</segmented>
	<object>
		<name>face</name>
		<pose>Unspecified</pose>
		<truncated>0</truncated>
		<difficult>0</difficult>
		<bndbox>
			<xmin>24</xmin>
			<ymin>41</ymin>
			<xmax>126</xmax>
			<ymax>144</ymax>
		</bndbox>
	</object>
</annotation>
