<annotation>
	<folder>faceDetection</folder>
	<filename>images (38).jpeg</filename>
	<path>/Users/virajj/Downloads/faceDetection/images (38).jpeg</path>
	<source>
		<database>Unknown</database>
	</source>
	<size>
		<width>204</width>
		<height>248</height>
		<depth>3</depth>
	</size>
	<segmented>0</segmented>
	<object>
		<name>face</name>
		<pose>Unspecified</pose>
		<truncated>0</truncated>
		<difficult>0</difficult>
		<bndbox>
			<xmin>36</xmin>
			<ymin>57</ymin>
			<xmax>161</xmax>
			<ymax>209</ymax>
		</bndbox>
	</object>
</annotation>
