<annotation>
	<folder>faceDetection</folder>
	<filename>images (36).jpeg</filename>
	<path>/Users/virajj/Downloads/faceDetection/images (36).jpeg</path>
	<source>
		<database>Unknown</database>
	</source>
	<size>
		<width>191</width>
		<height>264</height>
		<depth>3</depth>
	</size>
	<segmented>0</segmented>
	<object>
		<name>face</name>
		<pose>Unspecified</pose>
		<truncated>0</truncated>
		<difficult>0</difficult>
		<bndbox>
			<xmin>30</xmin>
			<ymin>25</ymin>
			<xmax>161</xmax>
			<ymax>229</ymax>
		</bndbox>
	</object>
</annotation>
