<annotation>
	<folder>faceDetection</folder>
	<filename>images (34).jpeg</filename>
	<path>/Users/virajj/Downloads/faceDetection/images (34).jpeg</path>
	<source>
		<database>Unknown</database>
	</source>
	<size>
		<width>292</width>
		<height>172</height>
		<depth>3</depth>
	</size>
	<segmented>0</segmented>
	<object>
		<name>face</name>
		<pose>Unspecified</pose>
		<truncated>0</truncated>
		<difficult>0</difficult>
		<bndbox>
			<xmin>80</xmin>
			<ymin>32</ymin>
			<xmax>181</xmax>
			<ymax>162</ymax>
		</bndbox>
	</object>
</annotation>
