<annotation>
	<folder>faceDetection</folder>
	<filename>images (76).jpeg</filename>
	<path>/Users/virajj/Downloads/faceDetection/images (76).jpeg</path>
	<source>
		<database>Unknown</database>
	</source>
	<size>
		<width>290</width>
		<height>174</height>
		<depth>3</depth>
	</size>
	<segmented>0</segmented>
	<object>
		<name>face</name>
		<pose>Unspecified</pose>
		<truncated>0</truncated>
		<difficult>0</difficult>
		<bndbox>
			<xmin>73</xmin>
			<ymin>17</ymin>
			<xmax>113</xmax>
			<ymax>75</ymax>
		</bndbox>
	</object>
	<object>
		<name>face</name>
		<pose>Unspecified</pose>
		<truncated>0</truncated>
		<difficult>0</difficult>
		<bndbox>
			<xmin>183</xmin>
			<ymin>16</ymin>
			<xmax>244</xmax>
			<ymax>96</ymax>
		</bndbox>
	</object>
</annotation>
