<annotation>
	<folder>faceDetection</folder>
	<filename>images-1.jpg</filename>
	<path>/Users/virajj/Downloads/faceDetection/images-1.jpg</path>
	<source>
		<database>Unknown</database>
	</source>
	<size>
		<width>183</width>
		<height>275</height>
		<depth>3</depth>
	</size>
	<segmented>0</segmented>
	<object>
		<name>face</name>
		<pose>Unspecified</pose>
		<truncated>0</truncated>
		<difficult>0</difficult>
		<bndbox>
			<xmin>24</xmin>
			<ymin>44</ymin>
			<xmax>162</xmax>
			<ymax>211</ymax>
		</bndbox>
	</object>
</annotation>
