<annotation>
	<folder>faceDetection</folder>
	<filename>images (5).jpeg</filename>
	<path>/Users/virajj/Downloads/faceDetection/images (5).jpeg</path>
	<source>
		<database>Unknown</database>
	</source>
	<size>
		<width>208</width>
		<height>242</height>
		<depth>3</depth>
	</size>
	<segmented>0</segmented>
	<object>
		<name>face</name>
		<pose>Unspecified</pose>
		<truncated>1</truncated>
		<difficult>0</difficult>
		<bndbox>
			<xmin>43</xmin>
			<ymin>60</ymin>
			<xmax>174</xmax>
			<ymax>242</ymax>
		</bndbox>
	</object>
</annotation>
