<annotation>
	<folder>faceDetection</folder>
	<filename>images (16).jpeg</filename>
	<path>/Users/virajj/Downloads/faceDetection/images (16).jpeg</path>
	<source>
		<database>Unknown</database>
	</source>
	<size>
		<width>212</width>
		<height>238</height>
		<depth>3</depth>
	</size>
	<segmented>0</segmented>
	<object>
		<name>face</name>
		<pose>Unspecified</pose>
		<truncated>0</truncated>
		<difficult>0</difficult>
		<bndbox>
			<xmin>38</xmin>
			<ymin>32</ymin>
			<xmax>171</xmax>
			<ymax>210</ymax>
		</bndbox>
	</object>
</annotation>
