<annotation>
	<folder>faceDetection</folder>
	<filename>images (15).jpeg</filename>
	<path>/Users/virajj/Downloads/faceDetection/images (15).jpeg</path>
	<source>
		<database>Unknown</database>
	</source>
	<size>
		<width>225</width>
		<height>225</height>
		<depth>3</depth>
	</size>
	<segmented>0</segmented>
	<object>
		<name>face</name>
		<pose>Unspecified</pose>
		<truncated>0</truncated>
		<difficult>0</difficult>
		<bndbox>
			<xmin>49</xmin>
			<ymin>33</ymin>
			<xmax>153</xmax>
			<ymax>170</ymax>
		</bndbox>
	</object>
</annotation>
