<annotation>
	<folder>faceDetection</folder>
	<filename>images (43).jpeg</filename>
	<path>/Users/virajj/Downloads/faceDetection/images (43).jpeg</path>
	<source>
		<database>Unknown</database>
	</source>
	<size>
		<width>186</width>
		<height>271</height>
		<depth>3</depth>
	</size>
	<segmented>0</segmented>
	<object>
		<name>face</name>
		<pose>Unspecified</pose>
		<truncated>0</truncated>
		<difficult>0</difficult>
		<bndbox>
			<xmin>60</xmin>
			<ymin>80</ymin>
			<xmax>142</xmax>
			<ymax>174</ymax>
		</bndbox>
	</object>
</annotation>
