<annotation>
	<folder>faceDetection</folder>
	<filename>images (35).jpeg</filename>
	<path>/Users/virajj/Downloads/faceDetection/images (35).jpeg</path>
	<source>
		<database>Unknown</database>
	</source>
	<size>
		<width>216</width>
		<height>233</height>
		<depth>3</depth>
	</size>
	<segmented>0</segmented>
	<object>
		<name>face</name>
		<pose>Unspecified</pose>
		<truncated>0</truncated>
		<difficult>0</difficult>
		<bndbox>
			<xmin>60</xmin>
			<ymin>39</ymin>
			<xmax>148</xmax>
			<ymax>153</ymax>
		</bndbox>
	</object>
</annotation>
