<annotation>
	<folder>faceDetection</folder>
	<filename>images (23).jpeg</filename>
	<path>/Users/virajj/Downloads/faceDetection/images (23).jpeg</path>
	<source>
		<database>Unknown</database>
	</source>
	<size>
		<width>266</width>
		<height>190</height>
		<depth>3</depth>
	</size>
	<segmented>0</segmented>
	<object>
		<name>face</name>
		<pose>Unspecified</pose>
		<truncated>0</truncated>
		<difficult>0</difficult>
		<bndbox>
			<xmin>98</xmin>
			<ymin>33</ymin>
			<xmax>153</xmax>
			<ymax>98</ymax>
		</bndbox>
	</object>
</annotation>
