<annotation>
	<folder>faceDetection</folder>
	<filename>images (47).jpeg</filename>
	<path>/Users/virajj/Downloads/faceDetection/images (47).jpeg</path>
	<source>
		<database>Unknown</database>
	</source>
	<size>
		<width>175</width>
		<height>288</height>
		<depth>3</depth>
	</size>
	<segmented>0</segmented>
	<object>
		<name>face</name>
		<pose>Unspecified</pose>
		<truncated>0</truncated>
		<difficult>0</difficult>
		<bndbox>
			<xmin>17</xmin>
			<ymin>43</ymin>
			<xmax>96</xmax>
			<ymax>146</ymax>
		</bndbox>
	</object>
</annotation>
