<annotation>
	<folder>faceDetection</folder>
	<filename>images (39).jpeg</filename>
	<path>/Users/virajj/Downloads/faceDetection/images (39).jpeg</path>
	<source>
		<database>Unknown</database>
	</source>
	<size>
		<width>259</width>
		<height>194</height>
		<depth>3</depth>
	</size>
	<segmented>0</segmented>
	<object>
		<name>face</name>
		<pose>Unspecified</pose>
		<truncated>1</truncated>
		<difficult>0</difficult>
		<bndbox>
			<xmin>39</xmin>
			<ymin>2</ymin>
			<xmax>217</xmax>
			<ymax>194</ymax>
		</bndbox>
	</object>
</annotation>
