<annotation>
	<folder>faceDetection</folder>
	<filename>images (21).jpeg</filename>
	<path>/Users/virajj/Downloads/faceDetection/images (21).jpeg</path>
	<source>
		<database>Unknown</database>
	</source>
	<size>
		<width>222</width>
		<height>228</height>
		<depth>1</depth>
	</size>
	<segmented>0</segmented>
	<object>
		<name>face</name>
		<pose>Unspecified</pose>
		<truncated>0</truncated>
		<difficult>0</difficult>
		<bndbox>
			<xmin>61</xmin>
			<ymin>72</ymin>
			<xmax>165</xmax>
			<ymax>219</ymax>
		</bndbox>
	</object>
</annotation>
