<annotation>
	<folder>faceDetection</folder>
	<filename>images (73).jpeg</filename>
	<path>/Users/virajj/Downloads/faceDetection/images (73).jpeg</path>
	<source>
		<database>Unknown</database>
	</source>
	<size>
		<width>327</width>
		<height>154</height>
		<depth>3</depth>
	</size>
	<segmented>0</segmented>
	<object>
		<name>face</name>
		<pose>Unspecified</pose>
		<truncated>0</truncated>
		<difficult>0</difficult>
		<bndbox>
			<xmin>79</xmin>
			<ymin>53</ymin>
			<xmax>129</xmax>
			<ymax>117</ymax>
		</bndbox>
	</object>
	<object>
		<name>face</name>
		<pose>Unspecified</pose>
		<truncated>0</truncated>
		<difficult>0</difficult>
		<bndbox>
			<xmin>224</xmin>
			<ymin>26</ymin>
			<xmax>271</xmax>
			<ymax>102</ymax>
		</bndbox>
	</object>
</annotation>
