<annotation>
	<folder>faceDetection</folder>
	<filename>images (55).jpeg</filename>
	<path>/Users/virajj/Downloads/faceDetection/images (55).jpeg</path>
	<source>
		<database>Unknown</database>
	</source>
	<size>
		<width>241</width>
		<height>209</height>
		<depth>3</depth>
	</size>
	<segmented>0</segmented>
	<object>
		<name>face</name>
		<pose>Unspecified</pose>
		<truncated>0</truncated>
		<difficult>0</difficult>
		<bndbox>
			<xmin>72</xmin>
			<ymin>35</ymin>
			<xmax>157</xmax>
			<ymax>153</ymax>
		</bndbox>
	</object>
</annotation>
