<annotation>
	<folder>faceDetection</folder>
	<filename>images (49).jpeg</filename>
	<path>/Users/virajj/Downloads/faceDetection/images (49).jpeg</path>
	<source>
		<database>Unknown</database>
	</source>
	<size>
		<width>193</width>
		<height>262</height>
		<depth>3</depth>
	</size>
	<segmented>0</segmented>
	<object>
		<name>face</name>
		<pose>Unspecified</pose>
		<truncated>0</truncated>
		<difficult>0</difficult>
		<bndbox>
			<xmin>58</xmin>
			<ymin>36</ymin>
			<xmax>143</xmax>
			<ymax>157</ymax>
		</bndbox>
	</object>
</annotation>
