<annotation>
	<folder>faceDetection</folder>
	<filename>images-3.jpg</filename>
	<path>/Users/virajj/Downloads/faceDetection/images-3.jpg</path>
	<source>
		<database>Unknown</database>
	</source>
	<size>
		<width>239</width>
		<height>211</height>
		<depth>3</depth>
	</size>
	<segmented>0</segmented>
	<object>
		<name>face</name>
		<pose>Unspecified</pose>
		<truncated>0</truncated>
		<difficult>0</difficult>
		<bndbox>
			<xmin>81</xmin>
			<ymin>30</ymin>
			<xmax>151</xmax>
			<ymax>130</ymax>
		</bndbox>
	</object>
</annotation>
