<annotation>
	<folder>faceDetection</folder>
	<filename>images (27).jpeg</filename>
	<path>/Users/virajj/Downloads/faceDetection/images (27).jpeg</path>
	<source>
		<database>Unknown</database>
	</source>
	<size>
		<width>259</width>
		<height>194</height>
		<depth>3</depth>
	</size>
	<segmented>0</segmented>
	<object>
		<name>face</name>
		<pose>Unspecified</pose>
		<truncated>0</truncated>
		<difficult>0</difficult>
		<bndbox>
			<xmin>90</xmin>
			<ymin>38</ymin>
			<xmax>170</xmax>
			<ymax>150</ymax>
		</bndbox>
	</object>
</annotation>
