<annotation>
	<folder>faceDetection</folder>
	<filename>images (26).jpeg</filename>
	<path>/Users/virajj/Downloads/faceDetection/images (26).jpeg</path>
	<source>
		<database>Unknown</database>
	</source>
	<size>
		<width>275</width>
		<height>183</height>
		<depth>1</depth>
	</size>
	<segmented>0</segmented>
	<object>
		<name>face</name>
		<pose>Unspecified</pose>
		<truncated>0</truncated>
		<difficult>0</difficult>
		<bndbox>
			<xmin>108</xmin>
			<ymin>25</ymin>
			<xmax>178</xmax>
			<ymax>142</ymax>
		</bndbox>
	</object>
</annotation>
