<annotation>
	<folder>faceDetection</folder>
	<filename>images (3).jpeg</filename>
	<path>/Users/virajj/Downloads/faceDetection/images (3).jpeg</path>
	<source>
		<database>Unknown</database>
	</source>
	<size>
		<width>225</width>
		<height>225</height>
		<depth>3</depth>
	</size>
	<segmented>0</segmented>
	<object>
		<name>face</name>
		<pose>Unspecified</pose>
		<truncated>0</truncated>
		<difficult>0</difficult>
		<bndbox>
			<xmin>61</xmin>
			<ymin>66</ymin>
			<xmax>168</xmax>
			<ymax>208</ymax>
		</bndbox>
	</object>
</annotation>
