<annotation>
	<folder>faceDetection</folder>
	<filename>images (20).jpeg</filename>
	<path>/Users/virajj/Downloads/faceDetection/images (20).jpeg</path>
	<source>
		<database>Unknown</database>
	</source>
	<size>
		<width>201</width>
		<height>251</height>
		<depth>1</depth>
	</size>
	<segmented>0</segmented>
	<object>
		<name>face</name>
		<pose>Unspecified</pose>
		<truncated>0</truncated>
		<difficult>0</difficult>
		<bndbox>
			<xmin>41</xmin>
			<ymin>31</ymin>
			<xmax>161</xmax>
			<ymax>199</ymax>
		</bndbox>
	</object>
</annotation>
