<annotation>
	<folder>faceDetection</folder>
	<filename>images (58).jpeg</filename>
	<path>/Users/virajj/Downloads/faceDetection/images (58).jpeg</path>
	<source>
		<database>Unknown</database>
	</source>
	<size>
		<width>300</width>
		<height>168</height>
		<depth>3</depth>
	</size>
	<segmented>0</segmented>
	<object>
		<name>face</name>
		<pose>Unspecified</pose>
		<truncated>0</truncated>
		<difficult>0</difficult>
		<bndbox>
			<xmin>172</xmin>
			<ymin>55</ymin>
			<xmax>255</xmax>
			<ymax>128</ymax>
		</bndbox>
	</object>
</annotation>
