<annotation>
	<folder>faceDetection</folder>
	<filename>images (11).jpeg</filename>
	<path>/Users/virajj/Downloads/faceDetection/images (11).jpeg</path>
	<source>
		<database>Unknown</database>
	</source>
	<size>
		<width>318</width>
		<height>159</height>
		<depth>3</depth>
	</size>
	<segmented>0</segmented>
	<object>
		<name>face</name>
		<pose>Unspecified</pose>
		<truncated>1</truncated>
		<difficult>0</difficult>
		<bndbox>
			<xmin>98</xmin>
			<ymin>1</ymin>
			<xmax>221</xmax>
			<ymax>143</ymax>
		</bndbox>
	</object>
</annotation>
