<annotation>
	<folder>faceDetection</folder>
	<filename>images (37).jpeg</filename>
	<path>/Users/virajj/Downloads/faceDetection/images (37).jpeg</path>
	<source>
		<database>Unknown</database>
	</source>
	<size>
		<width>284</width>
		<height>177</height>
		<depth>3</depth>
	</size>
	<segmented>0</segmented>
	<object>
		<name>face</name>
		<pose>Unspecified</pose>
		<truncated>0</truncated>
		<difficult>0</difficult>
		<bndbox>
			<xmin>22</xmin>
			<ymin>37</ymin>
			<xmax>114</xmax>
			<ymax>156</ymax>
		</bndbox>
	</object>
	<object>
		<name>face</name>
		<pose>Unspecified</pose>
		<truncated>0</truncated>
		<difficult>0</difficult>
		<bndbox>
			<xmin>171</xmin>
			<ymin>37</ymin>
			<xmax>264</xmax>
			<ymax>156</ymax>
		</bndbox>
	</object>
</annotation>
