<annotation>
	<folder>faceDetection</folder>
	<filename>images (6).jpeg</filename>
	<path>/Users/virajj/Downloads/faceDetection/images (6).jpeg</path>
	<source>
		<database>Unknown</database>
	</source>
	<size>
		<width>284</width>
		<height>177</height>
		<depth>1</depth>
	</size>
	<segmented>0</segmented>
	<object>
		<name>face</name>
		<pose>Unspecified</pose>
		<truncated>0</truncated>
		<difficult>0</difficult>
		<bndbox>
			<xmin>82</xmin>
			<ymin>13</ymin>
			<xmax>195</xmax>
			<ymax>167</ymax>
		</bndbox>
	</object>
</annotation>
