<annotation>
	<folder>faceDetection</folder>
	<filename>images (19).jpeg</filename>
	<path>/Users/virajj/Downloads/faceDetection/images (19).jpeg</path>
	<source>
		<database>Unknown</database>
	</source>
	<size>
		<width>225</width>
		<height>225</height>
		<depth>3</depth>
	</size>
	<segmented>0</segmented>
	<object>
		<name>face</name>
		<pose>Unspecified</pose>
		<truncated>0</truncated>
		<difficult>0</difficult>
		<bndbox>
			<xmin>79</xmin>
			<ymin>27</ymin>
			<xmax>150</xmax>
			<ymax>130</ymax>
		</bndbox>
	</object>
</annotation>
