<annotation>
	<folder>faceDetection</folder>
	<filename>images (4).jpeg</filename>
	<path>/Users/virajj/Downloads/faceDetection/images (4).jpeg</path>
	<source>
		<database>Unknown</database>
	</source>
	<size>
		<width>195</width>
		<height>258</height>
		<depth>3</depth>
	</size>
	<segmented>0</segmented>
	<object>
		<name>face</name>
		<pose>Unspecified</pose>
		<truncated>0</truncated>
		<difficult>0</difficult>
		<bndbox>
			<xmin>23</xmin>
			<ymin>38</ymin>
			<xmax>172</xmax>
			<ymax>255</ymax>
		</bndbox>
	</object>
</annotation>
