<annotation>
	<folder>faceDetection</folder>
	<filename>images (62).jpeg</filename>
	<path>/Users/virajj/Downloads/faceDetection/images (62).jpeg</path>
	<source>
		<database>Unknown</database>
	</source>
	<size>
		<width>273</width>
		<height>185</height>
		<depth>3</depth>
	</size>
	<segmented>0</segmented>
	<object>
		<name>face</name>
		<pose>Unspecified</pose>
		<truncated>0</truncated>
		<difficult>0</difficult>
		<bndbox>
			<xmin>110</xmin>
			<ymin>42</ymin>
			<xmax>192</xmax>
			<ymax>155</ymax>
		</bndbox>
	</object>
</annotation>
