<annotation>
	<folder>faceDetection</folder>
	<filename>kid-d-1393259.jpg</filename>
	<path>/Users/virajj/Downloads/faceDetection/kid-d-1393259.jpg</path>
	<source>
		<database>Unknown</database>
	</source>
	<size>
		<width>360</width>
		<height>240</height>
		<depth>3</depth>
	</size>
	<segmented>0</segmented>
	<object>
		<name>face</name>
		<pose>Unspecified</pose>
		<truncated>0</truncated>
		<difficult>0</difficult>
		<bndbox>
			<xmin>129</xmin>
			<ymin>61</ymin>
			<xmax>228</xmax>
			<ymax>182</ymax>
		</bndbox>
	</object>
</annotation>
