<annotation>
	<folder>faceDetection</folder>
	<filename>lib-1-1540480.jpg</filename>
	<path>/Users/virajj/Downloads/faceDetection/lib-1-1540480.jpg</path>
	<source>
		<database>Unknown</database>
	</source>
	<size>
		<width>319</width>
		<height>240</height>
		<depth>1</depth>
	</size>
	<segmented>0</segmented>
	<object>
		<name>face</name>
		<pose>Unspecified</pose>
		<truncated>0</truncated>
		<difficult>0</difficult>
		<bndbox>
			<xmin>116</xmin>
			<ymin>41</ymin>
			<xmax>198</xmax>
			<ymax>159</ymax>
		</bndbox>
	</object>
</annotation>
