<annotation>
	<folder>faceDetection</folder>
	<filename>man-with-blue-eyes-1440011.jpg</filename>
	<path>/Users/virajj/Downloads/faceDetection/man-with-blue-eyes-1440011.jpg</path>
	<source>
		<database>Unknown</database>
	</source>
	<size>
		<width>265</width>
		<height>239</height>
		<depth>3</depth>
	</size>
	<segmented>0</segmented>
	<object>
		<name>face</name>
		<pose>Unspecified</pose>
		<truncated>0</truncated>
		<difficult>0</difficult>
		<bndbox>
			<xmin>71</xmin>
			<ymin>62</ymin>
			<xmax>192</xmax>
			<ymax>228</ymax>
		</bndbox>
	</object>
</annotation>
