<annotation>
	<folder>faceDetection</folder>
	<filename>man-in-park-1461325.jpg</filename>
	<path>/Users/virajj/Downloads/faceDetection/man-in-park-1461325.jpg</path>
	<source>
		<database>Unknown</database>
	</source>
	<size>
		<width>180</width>
		<height>240</height>
		<depth>3</depth>
	</size>
	<segmented>0</segmented>
	<object>
		<name>face</name>
		<pose>Unspecified</pose>
		<truncated>0</truncated>
		<difficult>0</difficult>
		<bndbox>
			<xmin>76</xmin>
			<ymin>37</ymin>
			<xmax>124</xmax>
			<ymax>110</ymax>
		</bndbox>
	</object>
</annotation>
