<annotation>
	<folder>faceDetection</folder>
	<filename>maria-1-1499840.jpg</filename>
	<path>/Users/virajj/Downloads/faceDetection/maria-1-1499840.jpg</path>
	<source>
		<database>Unknown</database>
	</source>
	<size>
		<width>328</width>
		<height>239</height>
		<depth>3</depth>
	</size>
	<segmented>0</segmented>
	<object>
		<name>face</name>
		<pose>Unspecified</pose>
		<truncated>0</truncated>
		<difficult>0</difficult>
		<bndbox>
			<xmin>113</xmin>
			<ymin>48</ymin>
			<xmax>196</xmax>
			<ymax>150</ymax>
		</bndbox>
	</object>
</annotation>
