<annotation>
	<folder>faceDetection</folder>
	<filename>mother-woman-1435899.jpg</filename>
	<path>/Users/virajj/Downloads/faceDetection/mother-woman-1435899.jpg</path>
	<source>
		<database>Unknown</database>
	</source>
	<size>
		<width>153</width>
		<height>239</height>
		<depth>1</depth>
	</size>
	<segmented>0</segmented>
	<object>
		<name>face</name>
		<pose>Unspecified</pose>
		<truncated>0</truncated>
		<difficult>0</difficult>
		<bndbox>
			<xmin>32</xmin>
			<ymin>73</ymin>
			<xmax>118</xmax>
			<ymax>185</ymax>
		</bndbox>
	</object>
</annotation>
