<annotation>
	<folder>faceDetection</folder>
	<filename>old-lady-1258571.jpg</filename>
	<path>/Users/virajj/Downloads/faceDetection/old-lady-1258571.jpg</path>
	<source>
		<database>Unknown</database>
	</source>
	<size>
		<width>361</width>
		<height>240</height>
		<depth>3</depth>
	</size>
	<segmented>0</segmented>
	<object>
		<name>face</name>
		<pose>Unspecified</pose>
		<truncated>0</truncated>
		<difficult>0</difficult>
		<bndbox>
			<xmin>127</xmin>
			<ymin>21</ymin>
			<xmax>248</xmax>
			<ymax>173</ymax>
		</bndbox>
	</object>
</annotation>
