<annotation>
	<folder>faceDetection</folder>
	<filename>old-man-2-1236815.jpg</filename>
	<path>/Users/virajj/Downloads/faceDetection/old-man-2-1236815.jpg</path>
	<source>
		<database>Unknown</database>
	</source>
	<size>
		<width>180</width>
		<height>240</height>
		<depth>3</depth>
	</size>
	<segmented>0</segmented>
	<object>
		<name>face</name>
		<pose>Unspecified</pose>
		<truncated>0</truncated>
		<difficult>0</difficult>
		<bndbox>
			<xmin>9</xmin>
			<ymin>28</ymin>
			<xmax>135</xmax>
			<ymax>155</ymax>
		</bndbox>
	</object>
</annotation>
