<annotation>
	<folder>faceDetection</folder>
	<filename>old-woman-2-1431641.jpg</filename>
	<path>/Users/virajj/Downloads/faceDetection/old-woman-2-1431641.jpg</path>
	<source>
		<database>Unknown</database>
	</source>
	<size>
		<width>159</width>
		<height>239</height>
		<depth>3</depth>
	</size>
	<segmented>0</segmented>
	<object>
		<name>face</name>
		<pose>Unspecified</pose>
		<truncated>0</truncated>
		<difficult>0</difficult>
		<bndbox>
			<xmin>18</xmin>
			<ymin>39</ymin>
			<xmax>130</xmax>
			<ymax>196</ymax>
		</bndbox>
	</object>
</annotation>
