<annotation>
	<folder>faceDetection</folder>
	<filename>old-man-1561812.jpg</filename>
	<path>/Users/virajj/Downloads/faceDetection/old-man-1561812.jpg</path>
	<source>
		<database>Unknown</database>
	</source>
	<size>
		<width>360</width>
		<height>240</height>
		<depth>3</depth>
	</size>
	<segmented>0</segmented>
	<object>
		<name>face</name>
		<pose>Unspecified</pose>
		<truncated>1</truncated>
		<difficult>0</difficult>
		<bndbox>
			<xmin>62</xmin>
			<ymin>1</ymin>
			<xmax>233</xmax>
			<ymax>207</ymax>
		</bndbox>
	</object>
</annotation>
