<annotation>
	<folder>faceDetection</folder>
	<filename>old-age-1439713.jpg</filename>
	<path>/Users/virajj/Downloads/faceDetection/old-age-1439713.jpg</path>
	<source>
		<database>Unknown</database>
	</source>
	<size>
		<width>319</width>
		<height>240</height>
		<depth>3</depth>
	</size>
	<segmented>0</segmented>
	<object>
		<name>face</name>
		<pose>Unspecified</pose>
		<truncated>0</truncated>
		<difficult>0</difficult>
		<bndbox>
			<xmin>108</xmin>
			<ymin>59</ymin>
			<xmax>206</xmax>
			<ymax>175</ymax>
		</bndbox>
	</object>
</annotation>
