<annotation>
	<folder>faceDetection</folder>
	<filename>old-man-1-1236821.jpg</filename>
	<path>/Users/virajj/Downloads/faceDetection/old-man-1-1236821.jpg</path>
	<source>
		<database>Unknown</database>
	</source>
	<size>
		<width>180</width>
		<height>240</height>
		<depth>3</depth>
	</size>
	<segmented>0</segmented>
	<object>
		<name>face</name>
		<pose>Unspecified</pose>
		<truncated>0</truncated>
		<difficult>0</difficult>
		<bndbox>
			<xmin>34</xmin>
			<ymin>36</ymin>
			<xmax>92</xmax>
			<ymax>96</ymax>
		</bndbox>
	</object>
</annotation>
