<annotation>
	<folder>faceDetection</folder>
	<filename>old-woman-1433103.jpg</filename>
	<path>/Users/virajj/Downloads/faceDetection/old-woman-1433103.jpg</path>
	<source>
		<database>Unknown</database>
	</source>
	<size>
		<width>190</width>
		<height>240</height>
		<depth>3</depth>
	</size>
	<segmented>0</segmented>
	<object>
		<name>face</name>
		<pose>Unspecified</pose>
		<truncated>0</truncated>
		<difficult>0</difficult>
		<bndbox>
			<xmin>38</xmin>
			<ymin>47</ymin>
			<xmax>163</xmax>
			<ymax>219</ymax>
		</bndbox>
	</object>
</annotation>
