<annotation>
	<folder>faceDetection</folder>
	<filename>old-lady-face-1435811.jpg</filename>
	<path>/Users/virajj/Downloads/faceDetection/old-lady-face-1435811.jpg</path>
	<source>
		<database>Unknown</database>
	</source>
	<size>
		<width>324</width>
		<height>240</height>
		<depth>3</depth>
	</size>
	<segmented>0</segmented>
	<object>
		<name>face</name>
		<pose>Unspecified</pose>
		<truncated>0</truncated>
		<difficult>0</difficult>
		<bndbox>
			<xmin>18</xmin>
			<ymin>3</ymin>
			<xmax>276</xmax>
			<ymax>239</ymax>
		</bndbox>
	</object>
</annotation>
