<annotation>
	<folder>faceDetection</folder>
	<filename>old-man-1436015.jpg</filename>
	<path>/Users/virajj/Downloads/faceDetection/old-man-1436015.jpg</path>
	<source>
		<database>Unknown</database>
	</source>
	<size>
		<width>244</width>
		<height>239</height>
		<depth>3</depth>
	</size>
	<segmented>0</segmented>
	<object>
		<name>face</name>
		<pose>Unspecified</pose>
		<truncated>1</truncated>
		<difficult>0</difficult>
		<bndbox>
			<xmin>35</xmin>
			<ymin>3</ymin>
			<xmax>199</xmax>
			<ymax>239</ymax>
		</bndbox>
	</object>
</annotation>
