<annotation>
	<folder>faceDetection</folder>
	<filename>ottoman-culture-1569221.jpg</filename>
	<path>/Users/virajj/Downloads/faceDetection/ottoman-culture-1569221.jpg</path>
	<source>
		<database>Unknown</database>
	</source>
	<size>
		<width>319</width>
		<height>240</height>
		<depth>3</depth>
	</size>
	<segmented>0</segmented>
	<object>
		<name>face</name>
		<pose>Unspecified</pose>
		<truncated>0</truncated>
		<difficult>0</difficult>
		<bndbox>
			<xmin>157</xmin>
			<ymin>72</ymin>
			<xmax>227</xmax>
			<ymax>152</ymax>
		</bndbox>
	</object>
</annotation>
