<annotation>
	<folder>faceDetection</folder>
	<filename>philip-1-1440688.jpg</filename>
	<path>/Users/virajj/Downloads/faceDetection/philip-1-1440688.jpg</path>
	<source>
		<database>Unknown</database>
	</source>
	<size>
		<width>359</width>
		<height>239</height>
		<depth>3</depth>
	</size>
	<segmented>0</segmented>
	<object>
		<name>face</name>
		<pose>Unspecified</pose>
		<truncated>0</truncated>
		<difficult>0</difficult>
		<bndbox>
			<xmin>62</xmin>
			<ymin>26</ymin>
			<xmax>214</xmax>
			<ymax>195</ymax>
		</bndbox>
	</object>
</annotation>
