<annotation>
	<folder>faceDetection</folder>
	<filename>quizzical-old-man-1525961.jpg</filename>
	<path>/Users/virajj/Downloads/faceDetection/quizzical-old-man-1525961.jpg</path>
	<source>
		<database>Unknown</database>
	</source>
	<size>
		<width>382</width>
		<height>240</height>
		<depth>3</depth>
	</size>
	<segmented>0</segmented>
	<object>
		<name>face</name>
		<pose>Unspecified</pose>
		<truncated>0</truncated>
		<difficult>0</difficult>
		<bndbox>
			<xmin>202</xmin>
			<ymin>34</ymin>
			<xmax>301</xmax>
			<ymax>171</ymax>
		</bndbox>
	</object>
</annotation>
