<annotation>
	<folder>faceDetection</folder>
	<filename>rati-1436061.jpg</filename>
	<path>/Users/virajj/Downloads/faceDetection/rati-1436061.jpg</path>
	<source>
		<database>Unknown</database>
	</source>
	<size>
		<width>319</width>
		<height>240</height>
		<depth>3</depth>
	</size>
	<segmented>0</segmented>
	<object>
		<name>face</name>
		<pose>Unspecified</pose>
		<truncated>0</truncated>
		<difficult>0</difficult>
		<bndbox>
			<xmin>108</xmin>
			<ymin>34</ymin>
			<xmax>229</xmax>
			<ymax>180</ymax>
		</bndbox>
	</object>
</annotation>
