<annotation>
	<folder>faceDetection</folder>
	<filename>rip-wan-winkle-1431694.jpg</filename>
	<path>/Users/virajj/Downloads/faceDetection/rip-wan-winkle-1431694.jpg</path>
	<source>
		<database>Unknown</database>
	</source>
	<size>
		<width>360</width>
		<height>239</height>
		<depth>3</depth>
	</size>
	<segmented>0</segmented>
	<object>
		<name>face</name>
		<pose>Unspecified</pose>
		<truncated>0</truncated>
		<difficult>0</difficult>
		<bndbox>
			<xmin>100</xmin>
			<ymin>53</ymin>
			<xmax>252</xmax>
			<ymax>171</ymax>
		</bndbox>
	</object>
</annotation>
