<annotation>
	<folder>faceDetection</folder>
	<filename>shock-and-awe-1435049.jpg</filename>
	<path>/Users/virajj/Downloads/faceDetection/shock-and-awe-1435049.jpg</path>
	<source>
		<database>Unknown</database>
	</source>
	<size>
		<width>216</width>
		<height>239</height>
		<depth>3</depth>
	</size>
	<segmented>0</segmented>
	<object>
		<name>face</name>
		<pose>Unspecified</pose>
		<truncated>0</truncated>
		<difficult>0</difficult>
		<bndbox>
			<xmin>61</xmin>
			<ymin>12</ymin>
			<xmax>174</xmax>
			<ymax>216</ymax>
		</bndbox>
	</object>
</annotation>
