<annotation>
	<folder>faceDetection</folder>
	<filename>smile-face-1438458.jpg</filename>
	<path>/Users/virajj/Downloads/faceDetection/smile-face-1438458.jpg</path>
	<source>
		<database>Unknown</database>
	</source>
	<size>
		<width>358</width>
		<height>239</height>
		<depth>3</depth>
	</size>
	<segmented>0</segmented>
	<object>
		<name>face</name>
		<pose>Unspecified</pose>
		<truncated>0</truncated>
		<difficult>0</difficult>
		<bndbox>
			<xmin>79</xmin>
			<ymin>39</ymin>
			<xmax>180</xmax>
			<ymax>166</ymax>
		</bndbox>
	</object>
</annotation>
