<annotation>
	<folder>faceDetection</folder>
	<filename>solo-yo-5-1528911.jpg</filename>
	<path>/Users/virajj/Downloads/faceDetection/solo-yo-5-1528911.jpg</path>
	<source>
		<database>Unknown</database>
	</source>
	<size>
		<width>360</width>
		<height>240</height>
		<depth>3</depth>
	</size>
	<segmented>0</segmented>
	<object>
		<name>face</name>
		<pose>Unspecified</pose>
		<truncated>0</truncated>
		<difficult>0</difficult>
		<bndbox>
			<xmin>86</xmin>
			<ymin>16</ymin>
			<xmax>193</xmax>
			<ymax>133</ymax>
		</bndbox>
	</object>
	<object>
		<name>face</name>
		<pose>Unspecified</pose>
		<truncated>0</truncated>
		<difficult>0</difficult>
		<bndbox>
			<xmin>6</xmin>
			<ymin>187</ymin>
			<xmax>79</xmax>
			<ymax>237</ymax>
		</bndbox>
	</object>
</annotation>
