<annotation>
	<folder>faceDetection</folder>
	<filename>varanasi-india-1058804.jpg</filename>
	<path>/Users/virajj/Downloads/faceDetection/varanasi-india-1058804.jpg</path>
	<source>
		<database>Unknown</database>
	</source>
	<size>
		<width>276</width>
		<height>239</height>
		<depth>3</depth>
	</size>
	<segmented>0</segmented>
	<object>
		<name>face</name>
		<pose>Unspecified</pose>
		<truncated>0</truncated>
		<difficult>0</difficult>
		<bndbox>
			<xmin>65</xmin>
			<ymin>84</ymin>
			<xmax>140</xmax>
			<ymax>153</ymax>
		</bndbox>
	</object>
</annotation>
