<annotation>
	<folder>faceDetection</folder>
	<filename>woman-1571719.jpg</filename>
	<path>/Users/virajj/Downloads/faceDetection/woman-1571719.jpg</path>
	<source>
		<database>Unknown</database>
	</source>
	<size>
		<width>170</width>
		<height>240</height>
		<depth>3</depth>
	</size>
	<segmented>0</segmented>
	<object>
		<name>face</name>
		<pose>Unspecified</pose>
		<truncated>0</truncated>
		<difficult>0</difficult>
		<bndbox>
			<xmin>32</xmin>
			<ymin>50</ymin>
			<xmax>116</xmax>
			<ymax>159</ymax>
		</bndbox>
	</object>
</annotation>
