<annotation>
	<folder>faceDetection</folder>
	<filename>young-woman-1515231.jpg</filename>
	<path>/Users/virajj/Downloads/faceDetection/young-woman-1515231.jpg</path>
	<source>
		<database>Unknown</database>
	</source>
	<size>
		<width>180</width>
		<height>240</height>
		<depth>3</depth>
	</size>
	<segmented>0</segmented>
	<object>
		<name>face</name>
		<pose>Unspecified</pose>
		<truncated>0</truncated>
		<difficult>0</difficult>
		<bndbox>
			<xmin>35</xmin>
			<ymin>37</ymin>
			<xmax>126</xmax>
			<ymax>154</ymax>
		</bndbox>
	</object>
</annotation>
